"Source","Dest"
"C:\Users\ES28845103K\Documents\Proyectos\Crussader\web\web\app\components\admin\AdminPagination.tsx","C:\Users\ES28845103K\Documents\Proyectos\Crussader\web\web\app\_unused\components\admin\AdminPagination.tsx"
"C:\Users\ES28845103K\Documents\Proyectos\Crussader\web\web\app\components\admin\AdminSearch.tsx","C:\Users\ES28845103K\Documents\Proyectos\Crussader\web\web\app\_unused\components\admin\AdminSearch.tsx"
"C:\Users\ES28845103K\Documents\Proyectos\Crussader\web\web\app\components\admin\CompaniesTable.tsx","C:\Users\ES28845103K\Documents\Proyectos\Crussader\web\web\app\_unused\components\admin\CompaniesTable.tsx"
"C:\Users\ES28845103K\Documents\Proyectos\Crussader\web\web\app\components\admin\EditLocationModal.tsx","C:\Users\ES28845103K\Documents\Proyectos\Crussader\web\web\app\_unused\components\admin\EditLocationModal.tsx"
"C:\Users\ES28845103K\Documents\Proyectos\Crussader\web\web\app\components\admin\finance\ResultsTable.tsx","C:\Users\ES28845103K\Documents\Proyectos\Crussader\web\web\app\_unused\components\admin\finance\ResultsTable.tsx"
"C:\Users\ES28845103K\Documents\Proyectos\Crussader\web\web\app\components\admin\LocationRowActions.tsx","C:\Users\ES28845103K\Documents\Proyectos\Crussader\web\web\app\_unused\components\admin\LocationRowActions.tsx"
"C:\Users\ES28845103K\Documents\Proyectos\Crussader\web\web\app\components\admin\LocationsTable.tsx","C:\Users\ES28845103K\Documents\Proyectos\Crussader\web\web\app\_unused\components\admin\LocationsTable.tsx"
"C:\Users\ES28845103K\Documents\Proyectos\Crussader\web\web\app\components\admin\PageSizeSelect.tsx","C:\Users\ES28845103K\Documents\Proyectos\Crussader\web\web\app\_unused\components\admin\PageSizeSelect.tsx"
"C:\Users\ES28845103K\Documents\Proyectos\Crussader\web\web\app\components\admin\UsersActionsMenu.tsx","C:\Users\ES28845103K\Documents\Proyectos\Crussader\web\web\app\_unused\components\admin\UsersActionsMenu.tsx"
"C:\Users\ES28845103K\Documents\Proyectos\Crussader\web\web\app\components\admin\UsersTable.tsx","C:\Users\ES28845103K\Documents\Proyectos\Crussader\web\web\app\_unused\components\admin\UsersTable.tsx"
"C:\Users\ES28845103K\Documents\Proyectos\Crussader\web\web\app\components\AppSidebar.tsx","C:\Users\ES28845103K\Documents\Proyectos\Crussader\web\web\app\_unused\components\AppSidebar.tsx"
"C:\Users\ES28845103K\Documents\Proyectos\Crussader\web\web\app\components\AuthGuard.tsx","C:\Users\ES28845103K\Documents\Proyectos\Crussader\web\web\app\_unused\components\AuthGuard.tsx"
"C:\Users\ES28845103K\Documents\Proyectos\Crussader\web\web\app\components\buffer\PreloadAdminBuffer.tsx","C:\Users\ES28845103K\Documents\Proyectos\Crussader\web\web\app\_unused\components\buffer\PreloadAdminBuffer.tsx"
"C:\Users\ES28845103K\Documents\Proyectos\Crussader\web\web\app\components\buffer\PreloadCompanyBuffer.tsx","C:\Users\ES28845103K\Documents\Proyectos\Crussader\web\web\app\_unused\components\buffer\PreloadCompanyBuffer.tsx"
"C:\Users\ES28845103K\Documents\Proyectos\Crussader\web\web\app\components\calendar\AppointmentDetailsCard.tsx","C:\Users\ES28845103K\Documents\Proyectos\Crussader\web\web\app\_unused\components\calendar\AppointmentDetailsCard.tsx"
"C:\Users\ES28845103K\Documents\Proyectos\Crussader\web\web\app\components\calendar\AppointmentPill.tsx","C:\Users\ES28845103K\Documents\Proyectos\Crussader\web\web\app\_unused\components\calendar\AppointmentPill.tsx"
"C:\Users\ES28845103K\Documents\Proyectos\Crussader\web\web\app\components\calendar\CalendarCenter.tsx","C:\Users\ES28845103K\Documents\Proyectos\Crussader\web\web\app\_unused\components\calendar\CalendarCenter.tsx"
"C:\Users\ES28845103K\Documents\Proyectos\Crussader\web\web\app\components\calendar\CalendarHeader.tsx","C:\Users\ES28845103K\Documents\Proyectos\Crussader\web\web\app\_unused\components\calendar\CalendarHeader.tsx"
"C:\Users\ES28845103K\Documents\Proyectos\Crussader\web\web\app\components\calendar\CalendarOnly.tsx","C:\Users\ES28845103K\Documents\Proyectos\Crussader\web\web\app\_unused\components\calendar\CalendarOnly.tsx"
"C:\Users\ES28845103K\Documents\Proyectos\Crussader\web\web\app\components\calendar\CalendarOnly\CurrentTimeLine.tsx","C:\Users\ES28845103K\Documents\Proyectos\Crussader\web\web\app\_unused\components\calendar\CalendarOnly\CurrentTimeLine.tsx"
"C:\Users\ES28845103K\Documents\Proyectos\Crussader\web\web\app\components\calendar\CalendarOnly\DayColumn.tsx","C:\Users\ES28845103K\Documents\Proyectos\Crussader\web\web\app\_unused\components\calendar\CalendarOnly\DayColumn.tsx"
"C:\Users\ES28845103K\Documents\Proyectos\Crussader\web\web\app\components\calendar\CalendarOnly\DayView.tsx","C:\Users\ES28845103K\Documents\Proyectos\Crussader\web\web\app\_unused\components\calendar\CalendarOnly\DayView.tsx"
"C:\Users\ES28845103K\Documents\Proyectos\Crussader\web\web\app\components\calendar\CalendarOnly\layout.ts","C:\Users\ES28845103K\Documents\Proyectos\Crussader\web\web\app\_unused\components\calendar\CalendarOnly\layout.ts"
"C:\Users\ES28845103K\Documents\Proyectos\Crussader\web\web\app\components\calendar\CalendarOnly\MonthView.tsx","C:\Users\ES28845103K\Documents\Proyectos\Crussader\web\web\app\_unused\components\calendar\CalendarOnly\MonthView.tsx"
"C:\Users\ES28845103K\Documents\Proyectos\Crussader\web\web\app\components\calendar\CalendarOnly\types.ts","C:\Users\ES28845103K\Documents\Proyectos\Crussader\web\web\app\_unused\components\calendar\CalendarOnly\types.ts"
"C:\Users\ES28845103K\Documents\Proyectos\Crussader\web\web\app\components\calendar\CalendarOnly\tz.ts","C:\Users\ES28845103K\Documents\Proyectos\Crussader\web\web\app\_unused\components\calendar\CalendarOnly\tz.ts"
"C:\Users\ES28845103K\Documents\Proyectos\Crussader\web\web\app\components\calendar\CalendarOnly\ViewControls.tsx","C:\Users\ES28845103K\Documents\Proyectos\Crussader\web\web\app\_unused\components\calendar\CalendarOnly\ViewControls.tsx"
"C:\Users\ES28845103K\Documents\Proyectos\Crussader\web\web\app\components\calendar\CalendarOnly\WeekDaysHeader.tsx","C:\Users\ES28845103K\Documents\Proyectos\Crussader\web\web\app\_unused\components\calendar\CalendarOnly\WeekDaysHeader.tsx"
"C:\Users\ES28845103K\Documents\Proyectos\Crussader\web\web\app\components\calendar\CalendarOnly\WeekView.tsx","C:\Users\ES28845103K\Documents\Proyectos\Crussader\web\web\app\_unused\components\calendar\CalendarOnly\WeekView.tsx"
"C:\Users\ES28845103K\Documents\Proyectos\Crussader\web\web\app\components\calendar\CalendarRight.tsx","C:\Users\ES28845103K\Documents\Proyectos\Crussader\web\web\app\_unused\components\calendar\CalendarRight.tsx"
"C:\Users\ES28845103K\Documents\Proyectos\Crussader\web\web\app\components\calendar\CalendarToolbar.tsx","C:\Users\ES28845103K\Documents\Proyectos\Crussader\web\web\app\_unused\components\calendar\CalendarToolbar.tsx"
"C:\Users\ES28845103K\Documents\Proyectos\Crussader\web\web\app\components\calendar\CreateAppointmentModal.tsx","C:\Users\ES28845103K\Documents\Proyectos\Crussader\web\web\app\_unused\components\calendar\CreateAppointmentModal.tsx"
"C:\Users\ES28845103K\Documents\Proyectos\Crussader\web\web\app\components\calendar\EditAppointmentModal.tsx","C:\Users\ES28845103K\Documents\Proyectos\Crussader\web\web\app\_unused\components\calendar\EditAppointmentModal.tsx"
"C:\Users\ES28845103K\Documents\Proyectos\Crussader\web\web\app\components\calendar\EmployeeList.tsx","C:\Users\ES28845103K\Documents\Proyectos\Crussader\web\web\app\_unused\components\calendar\EmployeeList.tsx"
"C:\Users\ES28845103K\Documents\Proyectos\Crussader\web\web\app\components\calendar\ResourceList.tsx","C:\Users\ES28845103K\Documents\Proyectos\Crussader\web\web\app\_unused\components\calendar\ResourceList.tsx"
"C:\Users\ES28845103K\Documents\Proyectos\Crussader\web\web\app\components\calendar\ResourceStatus.tsx","C:\Users\ES28845103K\Documents\Proyectos\Crussader\web\web\app\_unused\components\calendar\ResourceStatus.tsx"
"C:\Users\ES28845103K\Documents\Proyectos\Crussader\web\web\app\components\calendar\SchedulerCalendar.tsx","C:\Users\ES28845103K\Documents\Proyectos\Crussader\web\web\app\_unused\components\calendar\SchedulerCalendar.tsx"
"C:\Users\ES28845103K\Documents\Proyectos\Crussader\web\web\app\components\calendar\settings\tabs\EmployeesTab.tsx","C:\Users\ES28845103K\Documents\Proyectos\Crussader\web\web\app\_unused\components\calendar\settings\tabs\EmployeesTab.tsx"
"C:\Users\ES28845103K\Documents\Proyectos\Crussader\web\web\app\components\calendar\settings\tabs\ResourcesTab.tsx","C:\Users\ES28845103K\Documents\Proyectos\Crussader\web\web\app\_unused\components\calendar\settings\tabs\ResourcesTab.tsx"
"C:\Users\ES28845103K\Documents\Proyectos\Crussader\web\web\app\components\calendar\settings\tabs\RulesTab.tsx","C:\Users\ES28845103K\Documents\Proyectos\Crussader\web\web\app\_unused\components\calendar\settings\tabs\RulesTab.tsx"
"C:\Users\ES28845103K\Documents\Proyectos\Crussader\web\web\app\components\calendar\settings\tabs\ServicesTab.tsx","C:\Users\ES28845103K\Documents\Proyectos\Crussader\web\web\app\_unused\components\calendar\settings\tabs\ServicesTab.tsx"
"C:\Users\ES28845103K\Documents\Proyectos\Crussader\web\web\app\components\calendar\settings\TopToolbar.tsx","C:\Users\ES28845103K\Documents\Proyectos\Crussader\web\web\app\_unused\components\calendar\settings\TopToolbar.tsx"
"C:\Users\ES28845103K\Documents\Proyectos\Crussader\web\web\app\components\calendar\type.ts","C:\Users\ES28845103K\Documents\Proyectos\Crussader\web\web\app\_unused\components\calendar\type.ts"
"C:\Users\ES28845103K\Documents\Proyectos\Crussader\web\web\app\components\calendar\UpcomingEventsList.tsx","C:\Users\ES28845103K\Documents\Proyectos\Crussader\web\web\app\_unused\components\calendar\UpcomingEventsList.tsx"
"C:\Users\ES28845103K\Documents\Proyectos\Crussader\web\web\app\components\charts\AlertsList.tsx","C:\Users\ES28845103K\Documents\Proyectos\Crussader\web\web\app\_unused\components\charts\AlertsList.tsx"
"C:\Users\ES28845103K\Documents\Proyectos\Crussader\web\web\app\components\charts\ChartCard.tsx","C:\Users\ES28845103K\Documents\Proyectos\Crussader\web\web\app\_unused\components\charts\ChartCard.tsx"
"C:\Users\ES28845103K\Documents\Proyectos\Crussader\web\web\app\components\charts\CompetitiveRadar.tsx","C:\Users\ES28845103K\Documents\Proyectos\Crussader\web\web\app\_unused\components\charts\CompetitiveRadar.tsx"
"C:\Users\ES28845103K\Documents\Proyectos\Crussader\web\web\app\components\charts\DeviceOriginList.tsx","C:\Users\ES28845103K\Documents\Proyectos\Crussader\web\web\app\_unused\components\charts\DeviceOriginList.tsx"
"C:\Users\ES28845103K\Documents\Proyectos\Crussader\web\web\app\components\charts\KpiTargetsProgress.tsx","C:\Users\ES28845103K\Documents\Proyectos\Crussader\web\web\app\_unused\components\charts\KpiTargetsProgress.tsx"
"C:\Users\ES28845103K\Documents\Proyectos\Crussader\web\web\app\components\charts\LineCombo.tsx","C:\Users\ES28845103K\Documents\Proyectos\Crussader\web\web\app\_unused\components\charts\LineCombo.tsx"
"C:\Users\ES28845103K\Documents\Proyectos\Crussader\web\web\app\components\charts\MonthlyHighlights.tsx","C:\Users\ES28845103K\Documents\Proyectos\Crussader\web\web\app\_unused\components\charts\MonthlyHighlights.tsx"
"C:\Users\ES28845103K\Documents\Proyectos\Crussader\web\web\app\components\charts\RatingLineChart.tsx","C:\Users\ES28845103K\Documents\Proyectos\Crussader\web\web\app\_unused\components\charts\RatingLineChart.tsx"
"C:\Users\ES28845103K\Documents\Proyectos\Crussader\web\web\app\components\charts\ResponseTimeCompare.tsx","C:\Users\ES28845103K\Documents\Proyectos\Crussader\web\web\app\_unused\components\charts\ResponseTimeCompare.tsx"
"C:\Users\ES28845103K\Documents\Proyectos\Crussader\web\web\app\components\charts\ReviewsAreaChart.tsx","C:\Users\ES28845103K\Documents\Proyectos\Crussader\web\web\app\_unused\components\charts\ReviewsAreaChart.tsx"
"C:\Users\ES28845103K\Documents\Proyectos\Crussader\web\web\app\components\charts\ReviewSourcesPie.tsx","C:\Users\ES28845103K\Documents\Proyectos\Crussader\web\web\app\_unused\components\charts\ReviewSourcesPie.tsx"
"C:\Users\ES28845103K\Documents\Proyectos\Crussader\web\web\app\components\charts\SentimentDonut.tsx","C:\Users\ES28845103K\Documents\Proyectos\Crussader\web\web\app\_unused\components\charts\SentimentDonut.tsx"
"C:\Users\ES28845103K\Documents\Proyectos\Crussader\web\web\app\components\charts\StarDistribution.tsx","C:\Users\ES28845103K\Documents\Proyectos\Crussader\web\web\app\_unused\components\charts\StarDistribution.tsx"
"C:\Users\ES28845103K\Documents\Proyectos\Crussader\web\web\app\components\charts\TopKeywordsBars.tsx","C:\Users\ES28845103K\Documents\Proyectos\Crussader\web\web\app\_unused\components\charts\TopKeywordsBars.tsx"
"C:\Users\ES28845103K\Documents\Proyectos\Crussader\web\web\app\components\company\AddLocationsModal.tsx","C:\Users\ES28845103K\Documents\Proyectos\Crussader\web\web\app\_unused\components\company\AddLocationsModal.tsx"
"C:\Users\ES28845103K\Documents\Proyectos\Crussader\web\web\app\components\company\cards\AverageRatingCard.tsx","C:\Users\ES28845103K\Documents\Proyectos\Crussader\web\web\app\_unused\components\company\cards\AverageRatingCard.tsx"
"C:\Users\ES28845103K\Documents\Proyectos\Crussader\web\web\app\components\company\cards\CompanyInfoCard.tsx","C:\Users\ES28845103K\Documents\Proyectos\Crussader\web\web\app\_unused\components\company\cards\CompanyInfoCard.tsx"
"C:\Users\ES28845103K\Documents\Proyectos\Crussader\web\web\app\components\company\cards\CompanyKpiRow.tsx","C:\Users\ES28845103K\Documents\Proyectos\Crussader\web\web\app\_unused\components\company\cards\CompanyKpiRow.tsx"
"C:\Users\ES28845103K\Documents\Proyectos\Crussader\web\web\app\components\company\cards\EstablishmentsCard.tsx","C:\Users\ES28845103K\Documents\Proyectos\Crussader\web\web\app\_unused\components\company\cards\EstablishmentsCard.tsx"
"C:\Users\ES28845103K\Documents\Proyectos\Crussader\web\web\app\components\company\cards\GrowthCard.tsx","C:\Users\ES28845103K\Documents\Proyectos\Crussader\web\web\app\_unused\components\company\cards\GrowthCard.tsx"
"C:\Users\ES28845103K\Documents\Proyectos\Crussader\web\web\app\components\company\CompanyModal.tsx","C:\Users\ES28845103K\Documents\Proyectos\Crussader\web\web\app\_unused\components\company\CompanyModal.tsx"
"C:\Users\ES28845103K\Documents\Proyectos\Crussader\web\web\app\components\company\CompanySummaryKpis.tsx","C:\Users\ES28845103K\Documents\Proyectos\Crussader\web\web\app\_unused\components\company\CompanySummaryKpis.tsx"
"C:\Users\ES28845103K\Documents\Proyectos\Crussader\web\web\app\components\company\EstablishmentCard.tsx","C:\Users\ES28845103K\Documents\Proyectos\Crussader\web\web\app\_unused\components\company\EstablishmentCard.tsx"
"C:\Users\ES28845103K\Documents\Proyectos\Crussader\web\web\app\components\crussader\CompanyLocationShell.tsx","C:\Users\ES28845103K\Documents\Proyectos\Crussader\web\web\app\_unused\components\crussader\CompanyLocationShell.tsx"
"C:\Users\ES28845103K\Documents\Proyectos\Crussader\web\web\app\components\crussader\CompanySelector.tsx","C:\Users\ES28845103K\Documents\Proyectos\Crussader\web\web\app\_unused\components\crussader\CompanySelector.tsx"
"C:\Users\ES28845103K\Documents\Proyectos\Crussader\web\web\app\components\crussader\LocationSelector.tsx","C:\Users\ES28845103K\Documents\Proyectos\Crussader\web\web\app\_unused\components\crussader\LocationSelector.tsx"
"C:\Users\ES28845103K\Documents\Proyectos\Crussader\web\web\app\components\crussader\SearchPicker.tsx","C:\Users\ES28845103K\Documents\Proyectos\Crussader\web\web\app\_unused\components\crussader\SearchPicker.tsx"
"C:\Users\ES28845103K\Documents\Proyectos\Crussader\web\web\app\components\database\LocationsTable.tsx","C:\Users\ES28845103K\Documents\Proyectos\Crussader\web\web\app\_unused\components\database\LocationsTable.tsx"
"C:\Users\ES28845103K\Documents\Proyectos\Crussader\web\web\app\components\design-system\table\ColorDot.tsx","C:\Users\ES28845103K\Documents\Proyectos\Crussader\web\web\app\_unused\components\design-system\table\ColorDot.tsx"
"C:\Users\ES28845103K\Documents\Proyectos\Crussader\web\web\app\components\design-system\table\DataTable.tsx","C:\Users\ES28845103K\Documents\Proyectos\Crussader\web\web\app\_unused\components\design-system\table\DataTable.tsx"
"C:\Users\ES28845103K\Documents\Proyectos\Crussader\web\web\app\components\design-system\table\StandardDemoTable.tsx","C:\Users\ES28845103K\Documents\Proyectos\Crussader\web\web\app\_unused\components\design-system\table\StandardDemoTable.tsx"
"C:\Users\ES28845103K\Documents\Proyectos\Crussader\web\web\app\components\employees\EditEmployeeModal.tsx","C:\Users\ES28845103K\Documents\Proyectos\Crussader\web\web\app\_unused\components\employees\EditEmployeeModal.tsx"
"C:\Users\ES28845103K\Documents\Proyectos\Crussader\web\web\app\components\employees\EmployeesTable.tsx","C:\Users\ES28845103K\Documents\Proyectos\Crussader\web\web\app\_unused\components\employees\EmployeesTable.tsx"
"C:\Users\ES28845103K\Documents\Proyectos\Crussader\web\web\app\components\employees\RolesTable.tsx","C:\Users\ES28845103K\Documents\Proyectos\Crussader\web\web\app\_unused\components\employees\RolesTable.tsx"
"C:\Users\ES28845103K\Documents\Proyectos\Crussader\web\web\app\components\employees\ServicesTable.tsx","C:\Users\ES28845103K\Documents\Proyectos\Crussader\web\web\app\_unused\components\employees\ServicesTable.tsx"
"C:\Users\ES28845103K\Documents\Proyectos\Crussader\web\web\app\components\establishments\EstablishmentCard.tsx","C:\Users\ES28845103K\Documents\Proyectos\Crussader\web\web\app\_unused\components\establishments\EstablishmentCard.tsx"
"C:\Users\ES28845103K\Documents\Proyectos\Crussader\web\web\app\components\establishments\EstablishmentKpis.tsx","C:\Users\ES28845103K\Documents\Proyectos\Crussader\web\web\app\_unused\components\establishments\EstablishmentKpis.tsx"
"C:\Users\ES28845103K\Documents\Proyectos\Crussader\web\web\app\components\establishments\EstablishmentTabs.tsx","C:\Users\ES28845103K\Documents\Proyectos\Crussader\web\web\app\_unused\components\establishments\EstablishmentTabs.tsx"
"C:\Users\ES28845103K\Documents\Proyectos\Crussader\web\web\app\components\insights\BubblesGalaxy.tsx","C:\Users\ES28845103K\Documents\Proyectos\Crussader\web\web\app\_unused\components\insights\BubblesGalaxy.tsx"
"C:\Users\ES28845103K\Documents\Proyectos\Crussader\web\web\app\components\insights\ConceptBadges.tsx","C:\Users\ES28845103K\Documents\Proyectos\Crussader\web\web\app\_unused\components\insights\ConceptBadges.tsx"
"C:\Users\ES28845103K\Documents\Proyectos\Crussader\web\web\app\components\insights\ConceptsUpdater.tsx","C:\Users\ES28845103K\Documents\Proyectos\Crussader\web\web\app\_unused\components\insights\ConceptsUpdater.tsx"
"C:\Users\ES28845103K\Documents\Proyectos\Crussader\web\web\app\components\insights\KeywordsCloud.tsx","C:\Users\ES28845103K\Documents\Proyectos\Crussader\web\web\app\_unused\components\insights\KeywordsCloud.tsx"
"C:\Users\ES28845103K\Documents\Proyectos\Crussader\web\web\app\components\insights\TopicsList.tsx","C:\Users\ES28845103K\Documents\Proyectos\Crussader\web\web\app\_unused\components\insights\TopicsList.tsx"
"C:\Users\ES28845103K\Documents\Proyectos\Crussader\web\web\app\components\insights\TopicsUpdater.tsx","C:\Users\ES28845103K\Documents\Proyectos\Crussader\web\web\app\_unused\components\insights\TopicsUpdater.tsx"
"C:\Users\ES28845103K\Documents\Proyectos\Crussader\web\web\app\components\knowledge\CompanySelector.tsx","C:\Users\ES28845103K\Documents\Proyectos\Crussader\web\web\app\_unused\components\knowledge\CompanySelector.tsx"
"C:\Users\ES28845103K\Documents\Proyectos\Crussader\web\web\app\components\knowledge\KnowledgeSectionsManager.tsx","C:\Users\ES28845103K\Documents\Proyectos\Crussader\web\web\app\_unused\components\knowledge\KnowledgeSectionsManager.tsx"
"C:\Users\ES28845103K\Documents\Proyectos\Crussader\web\web\app\components\knowledge\SectionEditor.tsx","C:\Users\ES28845103K\Documents\Proyectos\Crussader\web\web\app\_unused\components\knowledge\SectionEditor.tsx"
"C:\Users\ES28845103K\Documents\Proyectos\Crussader\web\web\app\components\knowledge\SectionsSidebar.tsx","C:\Users\ES28845103K\Documents\Proyectos\Crussader\web\web\app\_unused\components\knowledge\SectionsSidebar.tsx"
"C:\Users\ES28845103K\Documents\Proyectos\Crussader\web\web\app\components\kpis\KpiCards.tsx","C:\Users\ES28845103K\Documents\Proyectos\Crussader\web\web\app\_unused\components\kpis\KpiCards.tsx"
"C:\Users\ES28845103K\Documents\Proyectos\Crussader\web\web\app\components\layouts\HeaderIconTitle.tsx","C:\Users\ES28845103K\Documents\Proyectos\Crussader\web\web\app\_unused\components\layouts\HeaderIconTitle.tsx"
"C:\Users\ES28845103K\Documents\Proyectos\Crussader\web\web\app\components\layouts\PageShell.tsx","C:\Users\ES28845103K\Documents\Proyectos\Crussader\web\web\app\_unused\components\layouts\PageShell.tsx"
"C:\Users\ES28845103K\Documents\Proyectos\Crussader\web\web\app\components\layouts\SectionLayout.tsx","C:\Users\ES28845103K\Documents\Proyectos\Crussader\web\web\app\_unused\components\layouts\SectionLayout.tsx"
"C:\Users\ES28845103K\Documents\Proyectos\Crussader\web\web\app\components\ListToolbar.tsx","C:\Users\ES28845103K\Documents\Proyectos\Crussader\web\web\app\_unused\components\ListToolbar.tsx"
"C:\Users\ES28845103K\Documents\Proyectos\Crussader\web\web\app\components\PageContainer.tsx","C:\Users\ES28845103K\Documents\Proyectos\Crussader\web\web\app\_unused\components\PageContainer.tsx"
"C:\Users\ES28845103K\Documents\Proyectos\Crussader\web\web\app\components\PageContainerBottom.tsx","C:\Users\ES28845103K\Documents\Proyectos\Crussader\web\web\app\_unused\components\PageContainerBottom.tsx"
"C:\Users\ES28845103K\Documents\Proyectos\Crussader\web\web\app\components\PageContainerTop.tsx","C:\Users\ES28845103K\Documents\Proyectos\Crussader\web\web\app\_unused\components\PageContainerTop.tsx"
"C:\Users\ES28845103K\Documents\Proyectos\Crussader\web\web\app\components\products\ProductTile.tsx","C:\Users\ES28845103K\Documents\Proyectos\Crussader\web\web\app\_unused\components\products\ProductTile.tsx"
"C:\Users\ES28845103K\Documents\Proyectos\Crussader\web\web\app\components\products\RealProductsSection.tsx","C:\Users\ES28845103K\Documents\Proyectos\Crussader\web\web\app\_unused\components\products\RealProductsSection.tsx"
"C:\Users\ES28845103K\Documents\Proyectos\Crussader\web\web\app\components\reviews\controls\ReviewsFilters.tsx","C:\Users\ES28845103K\Documents\Proyectos\Crussader\web\web\app\_unused\components\reviews\controls\ReviewsFilters.tsx"
"C:\Users\ES28845103K\Documents\Proyectos\Crussader\web\web\app\components\reviews\controls\SearchInput.tsx","C:\Users\ES28845103K\Documents\Proyectos\Crussader\web\web\app\_unused\components\reviews\controls\SearchInput.tsx"
"C:\Users\ES28845103K\Documents\Proyectos\Crussader\web\web\app\components\reviews\controls\SortSelect.tsx","C:\Users\ES28845103K\Documents\Proyectos\Crussader\web\web\app\_unused\components\reviews\controls\SortSelect.tsx"
"C:\Users\ES28845103K\Documents\Proyectos\Crussader\web\web\app\components\reviews\GenerateReviewResponseButton.tsx","C:\Users\ES28845103K\Documents\Proyectos\Crussader\web\web\app\_unused\components\reviews\GenerateReviewResponseButton.tsx"
"C:\Users\ES28845103K\Documents\Proyectos\Crussader\web\web\app\components\reviews\LocationTabs.tsx","C:\Users\ES28845103K\Documents\Proyectos\Crussader\web\web\app\_unused\components\reviews\LocationTabs.tsx"
"C:\Users\ES28845103K\Documents\Proyectos\Crussader\web\web\app\components\reviews\ResponsePreviewPanel.tsx","C:\Users\ES28845103K\Documents\Proyectos\Crussader\web\web\app\_unused\components\reviews\ResponsePreviewPanel.tsx"
"C:\Users\ES28845103K\Documents\Proyectos\Crussader\web\web\app\components\reviews\ResponseSettingsForm.tsx","C:\Users\ES28845103K\Documents\Proyectos\Crussader\web\web\app\_unused\components\reviews\ResponseSettingsForm.tsx"
"C:\Users\ES28845103K\Documents\Proyectos\Crussader\web\web\app\components\reviews\ReviewDashboard.tsx","C:\Users\ES28845103K\Documents\Proyectos\Crussader\web\web\app\_unused\components\reviews\ReviewDashboard.tsx"
"C:\Users\ES28845103K\Documents\Proyectos\Crussader\web\web\app\components\reviews\ReviewsGrid.tsx","C:\Users\ES28845103K\Documents\Proyectos\Crussader\web\web\app\_unused\components\reviews\ReviewsGrid.tsx"
"C:\Users\ES28845103K\Documents\Proyectos\Crussader\web\web\app\components\reviews\ReviewsList.tsx","C:\Users\ES28845103K\Documents\Proyectos\Crussader\web\web\app\_unused\components\reviews\ReviewsList.tsx"
"C:\Users\ES28845103K\Documents\Proyectos\Crussader\web\web\app\components\reviews\ReviewsToolbar.tsx","C:\Users\ES28845103K\Documents\Proyectos\Crussader\web\web\app\_unused\components\reviews\ReviewsToolbar.tsx"
"C:\Users\ES28845103K\Documents\Proyectos\Crussader\web\web\app\components\reviews\ReviewWithResponseCard.tsx","C:\Users\ES28845103K\Documents\Proyectos\Crussader\web\web\app\_unused\components\reviews\ReviewWithResponseCard.tsx"
"C:\Users\ES28845103K\Documents\Proyectos\Crussader\web\web\app\components\SectionScaffold.tsx","C:\Users\ES28845103K\Documents\Proyectos\Crussader\web\web\app\_unused\components\SectionScaffold.tsx"
"C:\Users\ES28845103K\Documents\Proyectos\Crussader\web\web\app\components\settings\BillingTab.tsx","C:\Users\ES28845103K\Documents\Proyectos\Crussader\web\web\app\_unused\components\settings\BillingTab.tsx"
"C:\Users\ES28845103K\Documents\Proyectos\Crussader\web\web\app\components\settings\LabsTab.tsx","C:\Users\ES28845103K\Documents\Proyectos\Crussader\web\web\app\_unused\components\settings\LabsTab.tsx"
"C:\Users\ES28845103K\Documents\Proyectos\Crussader\web\web\app\components\settings\NotificationsTab.tsx","C:\Users\ES28845103K\Documents\Proyectos\Crussader\web\web\app\_unused\components\settings\NotificationsTab.tsx"
"C:\Users\ES28845103K\Documents\Proyectos\Crussader\web\web\app\components\settings\ResponsesTab.tsx","C:\Users\ES28845103K\Documents\Proyectos\Crussader\web\web\app\_unused\components\settings\ResponsesTab.tsx"
"C:\Users\ES28845103K\Documents\Proyectos\Crussader\web\web\app\components\settings\UserTab.tsx","C:\Users\ES28845103K\Documents\Proyectos\Crussader\web\web\app\_unused\components\settings\UserTab.tsx"
"C:\Users\ES28845103K\Documents\Proyectos\Crussader\web\web\app\components\sidebar\SidebarCollapse.tsx","C:\Users\ES28845103K\Documents\Proyectos\Crussader\web\web\app\_unused\components\sidebar\SidebarCollapse.tsx"
"C:\Users\ES28845103K\Documents\Proyectos\Crussader\web\web\app\components\sidebar\SidebarItem.tsx","C:\Users\ES28845103K\Documents\Proyectos\Crussader\web\web\app\_unused\components\sidebar\SidebarItem.tsx"
"C:\Users\ES28845103K\Documents\Proyectos\Crussader\web\web\app\components\sidebar\types.ts","C:\Users\ES28845103K\Documents\Proyectos\Crussader\web\web\app\_unused\components\sidebar\types.ts"
"C:\Users\ES28845103K\Documents\Proyectos\Crussader\web\web\app\components\TabsMenu.tsx","C:\Users\ES28845103K\Documents\Proyectos\Crussader\web\web\app\_unused\components\TabsMenu.tsx"
"C:\Users\ES28845103K\Documents\Proyectos\Crussader\web\web\app\components\ui\accordion.tsx","C:\Users\ES28845103K\Documents\Proyectos\Crussader\web\web\app\_unused\components\ui\accordion.tsx"
"C:\Users\ES28845103K\Documents\Proyectos\Crussader\web\web\app\components\ui\alert.tsx","C:\Users\ES28845103K\Documents\Proyectos\Crussader\web\web\app\_unused\components\ui\alert.tsx"
"C:\Users\ES28845103K\Documents\Proyectos\Crussader\web\web\app\components\ui\alert-dialog.tsx","C:\Users\ES28845103K\Documents\Proyectos\Crussader\web\web\app\_unused\components\ui\alert-dialog.tsx"
"C:\Users\ES28845103K\Documents\Proyectos\Crussader\web\web\app\components\ui\aspect-ratio.tsx","C:\Users\ES28845103K\Documents\Proyectos\Crussader\web\web\app\_unused\components\ui\aspect-ratio.tsx"
"C:\Users\ES28845103K\Documents\Proyectos\Crussader\web\web\app\components\ui\avatar.tsx","C:\Users\ES28845103K\Documents\Proyectos\Crussader\web\web\app\_unused\components\ui\avatar.tsx"
"C:\Users\ES28845103K\Documents\Proyectos\Crussader\web\web\app\components\ui\badge.tsx","C:\Users\ES28845103K\Documents\Proyectos\Crussader\web\web\app\_unused\components\ui\badge.tsx"
"C:\Users\ES28845103K\Documents\Proyectos\Crussader\web\web\app\components\ui\breadcrumb.tsx","C:\Users\ES28845103K\Documents\Proyectos\Crussader\web\web\app\_unused\components\ui\breadcrumb.tsx"
"C:\Users\ES28845103K\Documents\Proyectos\Crussader\web\web\app\components\ui\button.tsx","C:\Users\ES28845103K\Documents\Proyectos\Crussader\web\web\app\_unused\components\ui\button.tsx"
"C:\Users\ES28845103K\Documents\Proyectos\Crussader\web\web\app\components\ui\calendar.tsx","C:\Users\ES28845103K\Documents\Proyectos\Crussader\web\web\app\_unused\components\ui\calendar.tsx"
"C:\Users\ES28845103K\Documents\Proyectos\Crussader\web\web\app\components\ui\card.tsx","C:\Users\ES28845103K\Documents\Proyectos\Crussader\web\web\app\_unused\components\ui\card.tsx"
"C:\Users\ES28845103K\Documents\Proyectos\Crussader\web\web\app\components\ui\carousel.tsx","C:\Users\ES28845103K\Documents\Proyectos\Crussader\web\web\app\_unused\components\ui\carousel.tsx"
"C:\Users\ES28845103K\Documents\Proyectos\Crussader\web\web\app\components\ui\chart.tsx","C:\Users\ES28845103K\Documents\Proyectos\Crussader\web\web\app\_unused\components\ui\chart.tsx"
"C:\Users\ES28845103K\Documents\Proyectos\Crussader\web\web\app\components\ui\checkbox.tsx","C:\Users\ES28845103K\Documents\Proyectos\Crussader\web\web\app\_unused\components\ui\checkbox.tsx"
"C:\Users\ES28845103K\Documents\Proyectos\Crussader\web\web\app\components\ui\chip-input.tsx","C:\Users\ES28845103K\Documents\Proyectos\Crussader\web\web\app\_unused\components\ui\chip-input.tsx"
"C:\Users\ES28845103K\Documents\Proyectos\Crussader\web\web\app\components\ui\collapsible.tsx","C:\Users\ES28845103K\Documents\Proyectos\Crussader\web\web\app\_unused\components\ui\collapsible.tsx"
"C:\Users\ES28845103K\Documents\Proyectos\Crussader\web\web\app\components\ui\command.tsx","C:\Users\ES28845103K\Documents\Proyectos\Crussader\web\web\app\_unused\components\ui\command.tsx"
"C:\Users\ES28845103K\Documents\Proyectos\Crussader\web\web\app\components\ui\context-menu.tsx","C:\Users\ES28845103K\Documents\Proyectos\Crussader\web\web\app\_unused\components\ui\context-menu.tsx"
"C:\Users\ES28845103K\Documents\Proyectos\Crussader\web\web\app\components\ui\dialog.tsx","C:\Users\ES28845103K\Documents\Proyectos\Crussader\web\web\app\_unused\components\ui\dialog.tsx"
"C:\Users\ES28845103K\Documents\Proyectos\Crussader\web\web\app\components\ui\Dot.tsx","C:\Users\ES28845103K\Documents\Proyectos\Crussader\web\web\app\_unused\components\ui\Dot.tsx"
"C:\Users\ES28845103K\Documents\Proyectos\Crussader\web\web\app\components\ui\drawer.tsx","C:\Users\ES28845103K\Documents\Proyectos\Crussader\web\web\app\_unused\components\ui\drawer.tsx"
"C:\Users\ES28845103K\Documents\Proyectos\Crussader\web\web\app\components\ui\dropdown-menu.tsx","C:\Users\ES28845103K\Documents\Proyectos\Crussader\web\web\app\_unused\components\ui\dropdown-menu.tsx"
"C:\Users\ES28845103K\Documents\Proyectos\Crussader\web\web\app\components\ui\form.tsx","C:\Users\ES28845103K\Documents\Proyectos\Crussader\web\web\app\_unused\components\ui\form.tsx"
"C:\Users\ES28845103K\Documents\Proyectos\Crussader\web\web\app\components\ui\gradual-slider.tsx","C:\Users\ES28845103K\Documents\Proyectos\Crussader\web\web\app\_unused\components\ui\gradual-slider.tsx"
"C:\Users\ES28845103K\Documents\Proyectos\Crussader\web\web\app\components\ui\hover-card.tsx","C:\Users\ES28845103K\Documents\Proyectos\Crussader\web\web\app\_unused\components\ui\hover-card.tsx"
"C:\Users\ES28845103K\Documents\Proyectos\Crussader\web\web\app\components\ui\input.tsx","C:\Users\ES28845103K\Documents\Proyectos\Crussader\web\web\app\_unused\components\ui\input.tsx"
"C:\Users\ES28845103K\Documents\Proyectos\Crussader\web\web\app\components\ui\input-otp.tsx","C:\Users\ES28845103K\Documents\Proyectos\Crussader\web\web\app\_unused\components\ui\input-otp.tsx"
"C:\Users\ES28845103K\Documents\Proyectos\Crussader\web\web\app\components\ui\label.tsx","C:\Users\ES28845103K\Documents\Proyectos\Crussader\web\web\app\_unused\components\ui\label.tsx"
"C:\Users\ES28845103K\Documents\Proyectos\Crussader\web\web\app\components\ui\loading-overlay.tsx","C:\Users\ES28845103K\Documents\Proyectos\Crussader\web\web\app\_unused\components\ui\loading-overlay.tsx"
"C:\Users\ES28845103K\Documents\Proyectos\Crussader\web\web\app\components\ui\menubar.tsx","C:\Users\ES28845103K\Documents\Proyectos\Crussader\web\web\app\_unused\components\ui\menubar.tsx"
"C:\Users\ES28845103K\Documents\Proyectos\Crussader\web\web\app\components\ui\navigation-menu.tsx","C:\Users\ES28845103K\Documents\Proyectos\Crussader\web\web\app\_unused\components\ui\navigation-menu.tsx"
"C:\Users\ES28845103K\Documents\Proyectos\Crussader\web\web\app\components\ui\pagination.tsx","C:\Users\ES28845103K\Documents\Proyectos\Crussader\web\web\app\_unused\components\ui\pagination.tsx"
"C:\Users\ES28845103K\Documents\Proyectos\Crussader\web\web\app\components\ui\popover.tsx","C:\Users\ES28845103K\Documents\Proyectos\Crussader\web\web\app\_unused\components\ui\popover.tsx"
"C:\Users\ES28845103K\Documents\Proyectos\Crussader\web\web\app\components\ui\progress.tsx","C:\Users\ES28845103K\Documents\Proyectos\Crussader\web\web\app\_unused\components\ui\progress.tsx"
"C:\Users\ES28845103K\Documents\Proyectos\Crussader\web\web\app\components\ui\radio-group.tsx","C:\Users\ES28845103K\Documents\Proyectos\Crussader\web\web\app\_unused\components\ui\radio-group.tsx"
"C:\Users\ES28845103K\Documents\Proyectos\Crussader\web\web\app\components\ui\resizable.tsx","C:\Users\ES28845103K\Documents\Proyectos\Crussader\web\web\app\_unused\components\ui\resizable.tsx"
"C:\Users\ES28845103K\Documents\Proyectos\Crussader\web\web\app\components\ui\scroll-area.tsx","C:\Users\ES28845103K\Documents\Proyectos\Crussader\web\web\app\_unused\components\ui\scroll-area.tsx"
"C:\Users\ES28845103K\Documents\Proyectos\Crussader\web\web\app\components\ui\searchable-select.tsx","C:\Users\ES28845103K\Documents\Proyectos\Crussader\web\web\app\_unused\components\ui\searchable-select.tsx"
"C:\Users\ES28845103K\Documents\Proyectos\Crussader\web\web\app\components\ui\segmented-control.tsx","C:\Users\ES28845103K\Documents\Proyectos\Crussader\web\web\app\_unused\components\ui\segmented-control.tsx"
"C:\Users\ES28845103K\Documents\Proyectos\Crussader\web\web\app\components\ui\select.tsx","C:\Users\ES28845103K\Documents\Proyectos\Crussader\web\web\app\_unused\components\ui\select.tsx"
"C:\Users\ES28845103K\Documents\Proyectos\Crussader\web\web\app\components\ui\separator.tsx","C:\Users\ES28845103K\Documents\Proyectos\Crussader\web\web\app\_unused\components\ui\separator.tsx"
"C:\Users\ES28845103K\Documents\Proyectos\Crussader\web\web\app\components\ui\sheet.tsx","C:\Users\ES28845103K\Documents\Proyectos\Crussader\web\web\app\_unused\components\ui\sheet.tsx"
"C:\Users\ES28845103K\Documents\Proyectos\Crussader\web\web\app\components\ui\sidebar.tsx","C:\Users\ES28845103K\Documents\Proyectos\Crussader\web\web\app\_unused\components\ui\sidebar.tsx"
"C:\Users\ES28845103K\Documents\Proyectos\Crussader\web\web\app\components\ui\skeleton.tsx","C:\Users\ES28845103K\Documents\Proyectos\Crussader\web\web\app\_unused\components\ui\skeleton.tsx"
"C:\Users\ES28845103K\Documents\Proyectos\Crussader\web\web\app\components\ui\slider.tsx","C:\Users\ES28845103K\Documents\Proyectos\Crussader\web\web\app\_unused\components\ui\slider.tsx"
"C:\Users\ES28845103K\Documents\Proyectos\Crussader\web\web\app\components\ui\sonner.tsx","C:\Users\ES28845103K\Documents\Proyectos\Crussader\web\web\app\_unused\components\ui\sonner.tsx"
"C:\Users\ES28845103K\Documents\Proyectos\Crussader\web\web\app\components\ui\SubmitButton.tsx","C:\Users\ES28845103K\Documents\Proyectos\Crussader\web\web\app\_unused\components\ui\SubmitButton.tsx"
"C:\Users\ES28845103K\Documents\Proyectos\Crussader\web\web\app\components\ui\switch.tsx","C:\Users\ES28845103K\Documents\Proyectos\Crussader\web\web\app\_unused\components\ui\switch.tsx"
"C:\Users\ES28845103K\Documents\Proyectos\Crussader\web\web\app\components\ui\table.tsx","C:\Users\ES28845103K\Documents\Proyectos\Crussader\web\web\app\_unused\components\ui\table.tsx"
"C:\Users\ES28845103K\Documents\Proyectos\Crussader\web\web\app\components\ui\tabs.tsx","C:\Users\ES28845103K\Documents\Proyectos\Crussader\web\web\app\_unused\components\ui\tabs.tsx"
"C:\Users\ES28845103K\Documents\Proyectos\Crussader\web\web\app\components\ui\textarea.tsx","C:\Users\ES28845103K\Documents\Proyectos\Crussader\web\web\app\_unused\components\ui\textarea.tsx"
"C:\Users\ES28845103K\Documents\Proyectos\Crussader\web\web\app\components\ui\toast.tsx","C:\Users\ES28845103K\Documents\Proyectos\Crussader\web\web\app\_unused\components\ui\toast.tsx"
"C:\Users\ES28845103K\Documents\Proyectos\Crussader\web\web\app\components\ui\toaster.tsx","C:\Users\ES28845103K\Documents\Proyectos\Crussader\web\web\app\_unused\components\ui\toaster.tsx"
"C:\Users\ES28845103K\Documents\Proyectos\Crussader\web\web\app\components\ui\toggle.tsx","C:\Users\ES28845103K\Documents\Proyectos\Crussader\web\web\app\_unused\components\ui\toggle.tsx"
"C:\Users\ES28845103K\Documents\Proyectos\Crussader\web\web\app\components\ui\toggle-group.tsx","C:\Users\ES28845103K\Documents\Proyectos\Crussader\web\web\app\_unused\components\ui\toggle-group.tsx"
"C:\Users\ES28845103K\Documents\Proyectos\Crussader\web\web\app\components\ui\tooltip.tsx","C:\Users\ES28845103K\Documents\Proyectos\Crussader\web\web\app\_unused\components\ui\tooltip.tsx"
"C:\Users\ES28845103K\Documents\Proyectos\Crussader\web\web\app\components\ui\use-toast.ts","C:\Users\ES28845103K\Documents\Proyectos\Crussader\web\web\app\_unused\components\ui\use-toast.ts"
"C:\Users\ES28845103K\Documents\Proyectos\Crussader\web\web\app\components\voiceAgent\assign\AgentsListPanel.tsx","C:\Users\ES28845103K\Documents\Proyectos\Crussader\web\web\app\_unused\components\voiceAgent\assign\AgentsListPanel.tsx"
"C:\Users\ES28845103K\Documents\Proyectos\Crussader\web\web\app\components\voiceAgent\assign\CompanyListPanel.tsx","C:\Users\ES28845103K\Documents\Proyectos\Crussader\web\web\app\_unused\components\voiceAgent\assign\CompanyListPanel.tsx"
"C:\Users\ES28845103K\Documents\Proyectos\Crussader\web\web\app\components\voiceAgent\assign\OrgAgentAssignment.tsx","C:\Users\ES28845103K\Documents\Proyectos\Crussader\web\web\app\_unused\components\voiceAgent\assign\OrgAgentAssignment.tsx"
"C:\Users\ES28845103K\Documents\Proyectos\Crussader\web\web\app\components\voiceAgent\assign\TabPageAssign.tsx","C:\Users\ES28845103K\Documents\Proyectos\Crussader\web\web\app\_unused\components\voiceAgent\assign\TabPageAssign.tsx"
"C:\Users\ES28845103K\Documents\Proyectos\Crussader\web\web\app\components\voiceAgent\constructor\AgentGeneralSettingsDock.tsx","C:\Users\ES28845103K\Documents\Proyectos\Crussader\web\web\app\_unused\components\voiceAgent\constructor\AgentGeneralSettingsDock.tsx"
"C:\Users\ES28845103K\Documents\Proyectos\Crussader\web\web\app\components\voiceAgent\constructor\AgentGeneralSettingsPanel.tsx","C:\Users\ES28845103K\Documents\Proyectos\Crussader\web\web\app\_unused\components\voiceAgent\constructor\AgentGeneralSettingsPanel.tsx"
"C:\Users\ES28845103K\Documents\Proyectos\Crussader\web\web\app\components\voiceAgent\constructor\AgentsSidebar.tsx","C:\Users\ES28845103K\Documents\Proyectos\Crussader\web\web\app\_unused\components\voiceAgent\constructor\AgentsSidebar.tsx"
"C:\Users\ES28845103K\Documents\Proyectos\Crussader\web\web\app\components\voiceAgent\constructor\AssignAgentsPanel.tsx","C:\Users\ES28845103K\Documents\Proyectos\Crussader\web\web\app\_unused\components\voiceAgent\constructor\AssignAgentsPanel.tsx"
"C:\Users\ES28845103K\Documents\Proyectos\Crussader\web\web\app\components\voiceAgent\constructor\ChatCallTestingPanel.tsx","C:\Users\ES28845103K\Documents\Proyectos\Crussader\web\web\app\_unused\components\voiceAgent\constructor\ChatCallTestingPanel.tsx"
"C:\Users\ES28845103K\Documents\Proyectos\Crussader\web\web\app\components\voiceAgent\constructor\ChatConfigurationShell.tsx","C:\Users\ES28845103K\Documents\Proyectos\Crussader\web\web\app\_unused\components\voiceAgent\constructor\ChatConfigurationShell.tsx"
"C:\Users\ES28845103K\Documents\Proyectos\Crussader\web\web\app\components\voiceAgent\constructor\FlowBuilderShell.tsx","C:\Users\ES28845103K\Documents\Proyectos\Crussader\web\web\app\_unused\components\voiceAgent\constructor\FlowBuilderShell.tsx"
"C:\Users\ES28845103K\Documents\Proyectos\Crussader\web\web\app\components\voiceAgent\constructor\FlowEditor.tsx","C:\Users\ES28845103K\Documents\Proyectos\Crussader\web\web\app\_unused\components\voiceAgent\constructor\FlowEditor.tsx"
"C:\Users\ES28845103K\Documents\Proyectos\Crussader\web\web\app\components\voiceAgent\constructor\TabPageConstructor.tsx","C:\Users\ES28845103K\Documents\Proyectos\Crussader\web\web\app\_unused\components\voiceAgent\constructor\TabPageConstructor.tsx"
"C:\Users\ES28845103K\Documents\Proyectos\Crussader\web\web\app\components\voiceAgent\constructor\VoiceCallManager.tsx","C:\Users\ES28845103K\Documents\Proyectos\Crussader\web\web\app\_unused\components\voiceAgent\constructor\VoiceCallManager.tsx"
"C:\Users\ES28845103K\Documents\Proyectos\Crussader\web\web\app\components\voiceAgent\constructor\VoiceSettingsPanel.tsx","C:\Users\ES28845103K\Documents\Proyectos\Crussader\web\web\app\_unused\components\voiceAgent\constructor\VoiceSettingsPanel.tsx"
"C:\Users\ES28845103K\Documents\Proyectos\Crussader\web\web\app\components\voiceAgent\constructor\VoiceStylePanel.tsx","C:\Users\ES28845103K\Documents\Proyectos\Crussader\web\web\app\_unused\components\voiceAgent\constructor\VoiceStylePanel.tsx"
"C:\Users\ES28845103K\Documents\Proyectos\Crussader\web\web\app\components\voiceAgent\monitor\TabPageMonitor.tsx","C:\Users\ES28845103K\Documents\Proyectos\Crussader\web\web\app\_unused\components\voiceAgent\monitor\TabPageMonitor.tsx"
"C:\Users\ES28845103K\Documents\Proyectos\Crussader\web\web\app\components\voiceAgent\tel\TabPageTel.tsx","C:\Users\ES28845103K\Documents\Proyectos\Crussader\web\web\app\_unused\components\voiceAgent\tel\TabPageTel.tsx"
"C:\Users\ES28845103K\Documents\Proyectos\Crussader\web\web\app\config\nav.ts","C:\Users\ES28845103K\Documents\Proyectos\Crussader\web\web\app\_unused\config\nav.ts"
"C:\Users\ES28845103K\Documents\Proyectos\Crussader\web\web\app\dashboard\admin\voiceagents\actions\_types.ts","C:\Users\ES28845103K\Documents\Proyectos\Crussader\web\web\app\_unused\dashboard\admin\voiceagents\actions\_types.ts"
"C:\Users\ES28845103K\Documents\Proyectos\Crussader\web\web\app\dashboard\admin\voiceagents\actions\actions.ts","C:\Users\ES28845103K\Documents\Proyectos\Crussader\web\web\app\_unused\dashboard\admin\voiceagents\actions\actions.ts"
"C:\Users\ES28845103K\Documents\Proyectos\Crussader\web\web\app\dashboard\admin\voiceagents\actions\agents.actions.ts","C:\Users\ES28845103K\Documents\Proyectos\Crussader\web\web\app\_unused\dashboard\admin\voiceagents\actions\agents.actions.ts"
"C:\Users\ES28845103K\Documents\Proyectos\Crussader\web\web\app\dashboard\admin\voiceagents\actions\agents.helpers.ts","C:\Users\ES28845103K\Documents\Proyectos\Crussader\web\web\app\_unused\dashboard\admin\voiceagents\actions\agents.helpers.ts"
"C:\Users\ES28845103K\Documents\Proyectos\Crussader\web\web\app\dashboard\admin\voiceagents\actions\chat.actions.ts","C:\Users\ES28845103K\Documents\Proyectos\Crussader\web\web\app\_unused\dashboard\admin\voiceagents\actions\chat.actions.ts"
"C:\Users\ES28845103K\Documents\Proyectos\Crussader\web\web\app\dashboard\admin\voiceagents\actions\flow.actions.ts","C:\Users\ES28845103K\Documents\Proyectos\Crussader\web\web\app\_unused\dashboard\admin\voiceagents\actions\flow.actions.ts"
"C:\Users\ES28845103K\Documents\Proyectos\Crussader\web\web\app\dashboard\voiceagent\_lib\template.ts","C:\Users\ES28845103K\Documents\Proyectos\Crussader\web\web\app\_unused\dashboard\voiceagent\_lib\template.ts"
"C:\Users\ES28845103K\Documents\Proyectos\Crussader\web\web\app\dashboard\voiceagent\_types.ts","C:\Users\ES28845103K\Documents\Proyectos\Crussader\web\web\app\_unused\dashboard\voiceagent\_types.ts"
"C:\Users\ES28845103K\Documents\Proyectos\Crussader\web\web\app\dashboard\voiceagent\actions.ts","C:\Users\ES28845103K\Documents\Proyectos\Crussader\web\web\app\_unused\dashboard\voiceagent\actions.ts"
"C:\Users\ES28845103K\Documents\Proyectos\Crussader\web\web\app\dashboard\voiceagent\agents.actions.ts","C:\Users\ES28845103K\Documents\Proyectos\Crussader\web\web\app\_unused\dashboard\voiceagent\agents.actions.ts"
"C:\Users\ES28845103K\Documents\Proyectos\Crussader\web\web\app\dashboard\voiceagent\agents.helpers.ts","C:\Users\ES28845103K\Documents\Proyectos\Crussader\web\web\app\_unused\dashboard\voiceagent\agents.helpers.ts"
"C:\Users\ES28845103K\Documents\Proyectos\Crussader\web\web\app\dashboard\voiceagent\chat.actions.ts","C:\Users\ES28845103K\Documents\Proyectos\Crussader\web\web\app\_unused\dashboard\voiceagent\chat.actions.ts"
"C:\Users\ES28845103K\Documents\Proyectos\Crussader\web\web\app\dashboard\voiceagent\components\ChatCallPanel.tsx","C:\Users\ES28845103K\Documents\Proyectos\Crussader\web\web\app\_unused\dashboard\voiceagent\components\ChatCallPanel.tsx"
"C:\Users\ES28845103K\Documents\Proyectos\Crussader\web\web\app\dashboard\voiceagent\components\createDeepgramClient.ts","C:\Users\ES28845103K\Documents\Proyectos\Crussader\web\web\app\_unused\dashboard\voiceagent\components\createDeepgramClient.ts"
"C:\Users\ES28845103K\Documents\Proyectos\Crussader\web\web\app\dashboard\voiceagent\components\hooks\deprecated\useContinuousSTT.ts","C:\Users\ES28845103K\Documents\Proyectos\Crussader\web\web\app\_unused\dashboard\voiceagent\components\hooks\deprecated\useContinuousSTT.ts"
"C:\Users\ES28845103K\Documents\Proyectos\Crussader\web\web\app\dashboard\voiceagent\components\hooks\deprecated\useMicAccess.ts","C:\Users\ES28845103K\Documents\Proyectos\Crussader\web\web\app\_unused\dashboard\voiceagent\components\hooks\deprecated\useMicAccess.ts"
"C:\Users\ES28845103K\Documents\Proyectos\Crussader\web\web\app\dashboard\voiceagent\components\hooks\deprecated\useSmartAudio.ts","C:\Users\ES28845103K\Documents\Proyectos\Crussader\web\web\app\_unused\dashboard\voiceagent\components\hooks\deprecated\useSmartAudio.ts"
"C:\Users\ES28845103K\Documents\Proyectos\Crussader\web\web\app\dashboard\voiceagent\components\hooks\useDeepgramRealtime.ts","C:\Users\ES28845103K\Documents\Proyectos\Crussader\web\web\app\_unused\dashboard\voiceagent\components\hooks\useDeepgramRealtime.ts"
"C:\Users\ES28845103K\Documents\Proyectos\Crussader\web\web\app\dashboard\voiceagent\components\hooks\useRingtone.ts","C:\Users\ES28845103K\Documents\Proyectos\Crussader\web\web\app\_unused\dashboard\voiceagent\components\hooks\useRingtone.ts"
"C:\Users\ES28845103K\Documents\Proyectos\Crussader\web\web\app\dashboard\voiceagent\components\hooks\useTranscriber.ts","C:\Users\ES28845103K\Documents\Proyectos\Crussader\web\web\app\_unused\dashboard\voiceagent\components\hooks\useTranscriber.ts"
"C:\Users\ES28845103K\Documents\Proyectos\Crussader\web\web\app\dashboard\voiceagent\components\MicTestPanel.tsx","C:\Users\ES28845103K\Documents\Proyectos\Crussader\web\web\app\_unused\dashboard\voiceagent\components\MicTestPanel.tsx"
"C:\Users\ES28845103K\Documents\Proyectos\Crussader\web\web\app\dashboard\voiceagent\components\SimpleChatPanel.tsx","C:\Users\ES28845103K\Documents\Proyectos\Crussader\web\web\app\_unused\dashboard\voiceagent\components\SimpleChatPanel.tsx"
"C:\Users\ES28845103K\Documents\Proyectos\Crussader\web\web\app\dashboard\voiceagent\components\SimpleVoiceSettingsPanel.tsx","C:\Users\ES28845103K\Documents\Proyectos\Crussader\web\web\app\_unused\dashboard\voiceagent\components\SimpleVoiceSettingsPanel.tsx"
"C:\Users\ES28845103K\Documents\Proyectos\Crussader\web\web\app\dashboard\voiceagent\components\TestMic.tsx","C:\Users\ES28845103K\Documents\Proyectos\Crussader\web\web\app\_unused\dashboard\voiceagent\components\TestMic.tsx"
"C:\Users\ES28845103K\Documents\Proyectos\Crussader\web\web\app\dashboard\voiceagent\components\useNewRealtimeCall.ts","C:\Users\ES28845103K\Documents\Proyectos\Crussader\web\web\app\_unused\dashboard\voiceagent\components\useNewRealtimeCall.ts"
"C:\Users\ES28845103K\Documents\Proyectos\Crussader\web\web\app\dashboard\voiceagent\components\VoiceDictationBar.tsx","C:\Users\ES28845103K\Documents\Proyectos\Crussader\web\web\app\_unused\dashboard\voiceagent\components\VoiceDictationBar.tsx"
"C:\Users\ES28845103K\Documents\Proyectos\Crussader\web\web\app\dashboard\voiceagent\components\VoiceSettingsPanel.tsx","C:\Users\ES28845103K\Documents\Proyectos\Crussader\web\web\app\_unused\dashboard\voiceagent\components\VoiceSettingsPanel.tsx"
"C:\Users\ES28845103K\Documents\Proyectos\Crussader\web\web\app\dashboard\voiceagent\components\VoiceTestBar.tsx","C:\Users\ES28845103K\Documents\Proyectos\Crussader\web\web\app\_unused\dashboard\voiceagent\components\VoiceTestBar.tsx"
"C:\Users\ES28845103K\Documents\Proyectos\Crussader\web\web\app\dashboard\voiceagent\flow.actions.ts","C:\Users\ES28845103K\Documents\Proyectos\Crussader\web\web\app\_unused\dashboard\voiceagent\flow.actions.ts"
"C:\Users\ES28845103K\Documents\Proyectos\Crussader\web\web\app\hooks\locationEvents.ts","C:\Users\ES28845103K\Documents\Proyectos\Crussader\web\web\app\_unused\hooks\locationEvents.ts"
"C:\Users\ES28845103K\Documents\Proyectos\Crussader\web\web\app\hooks\useCompanyLocations.ts","C:\Users\ES28845103K\Documents\Proyectos\Crussader\web\web\app\_unused\hooks\useCompanyLocations.ts"
"C:\Users\ES28845103K\Documents\Proyectos\Crussader\web\web\app\layout.tsx","C:\Users\ES28845103K\Documents\Proyectos\Crussader\web\web\app\_unused\layout.tsx"
"C:\Users\ES28845103K\Documents\Proyectos\Crussader\web\web\app\page.tsx","C:\Users\ES28845103K\Documents\Proyectos\Crussader\web\web\app\_unused\page.tsx"
"C:\Users\ES28845103K\Documents\Proyectos\Crussader\web\web\app\providers\BootstrapProvider.tsx","C:\Users\ES28845103K\Documents\Proyectos\Crussader\web\web\app\_unused\providers\BootstrapProvider.tsx"
"C:\Users\ES28845103K\Documents\Proyectos\Crussader\web\web\app\providers\bootstrap-store.ts","C:\Users\ES28845103K\Documents\Proyectos\Crussader\web\web\app\_unused\providers\bootstrap-store.ts"
"C:\Users\ES28845103K\Documents\Proyectos\Crussader\web\web\app\schemas\response-settings.ts","C:\Users\ES28845103K\Documents\Proyectos\Crussader\web\web\app\_unused\schemas\response-settings.ts"
"C:\Users\ES28845103K\Documents\Proyectos\Crussader\web\web\app\server\concepts\extractConcepts.ts","C:\Users\ES28845103K\Documents\Proyectos\Crussader\web\web\app\_unused\server\concepts\extractConcepts.ts"
"C:\Users\ES28845103K\Documents\Proyectos\Crussader\web\web\app\server\concepts\processBatch.ts","C:\Users\ES28845103K\Documents\Proyectos\Crussader\web\web\app\_unused\server\concepts\processBatch.ts"
"C:\Users\ES28845103K\Documents\Proyectos\Crussader\web\web\app\server\concepts\recomputeCentroids.ts","C:\Users\ES28845103K\Documents\Proyectos\Crussader\web\web\app\_unused\server\concepts\recomputeCentroids.ts"
"C:\Users\ES28845103K\Documents\Proyectos\Crussader\web\web\app\server\concepts\recomputeConceptMetrics.ts","C:\Users\ES28845103K\Documents\Proyectos\Crussader\web\web\app\_unused\server\concepts\recomputeConceptMetrics.ts"
"C:\Users\ES28845103K\Documents\Proyectos\Crussader\web\web\app\server\embeddings.ts","C:\Users\ES28845103K\Documents\Proyectos\Crussader\web\web\app\_unused\server\embeddings.ts"
"C:\Users\ES28845103K\Documents\Proyectos\Crussader\web\web\app\server\openaiClient.ts","C:\Users\ES28845103K\Documents\Proyectos\Crussader\web\web\app\_unused\server\openaiClient.ts"
"C:\Users\ES28845103K\Documents\Proyectos\Crussader\web\web\app\server\topics\labeling.ts","C:\Users\ES28845103K\Documents\Proyectos\Crussader\web\web\app\_unused\server\topics\labeling.ts"
"C:\Users\ES28845103K\Documents\Proyectos\Crussader\web\web\app\server\topics\llmCluster.ts","C:\Users\ES28845103K\Documents\Proyectos\Crussader\web\web\app\_unused\server\topics\llmCluster.ts"
"C:\Users\ES28845103K\Documents\Proyectos\Crussader\web\web\app\theme-provider.tsx","C:\Users\ES28845103K\Documents\Proyectos\Crussader\web\web\app\_unused\theme-provider.tsx"
"C:\Users\ES28845103K\Documents\Proyectos\Crussader\web\web\app\types\response-settings.ts","C:\Users\ES28845103K\Documents\Proyectos\Crussader\web\web\app\_unused\types\response-settings.ts"
